Card Name,Mana Cost,Mana Value
Agent Maria Hill,{W},1
Dawnstrike Vanguard,{5}{W},6
Crowd of True Believers,{W},1
Archon's Glory,{W},1
Crumb and Get It,{W},1
Divine Resilience,{W},1
Curious Farm Animals,{W},1
Elite Interceptor,{W} // {1}{W},1
Erode,{W},1
Featherbrained Filcher,{W},1
Focus Fire,{W},1
Goldmeadow Nomad,{W},1
Graduation Day,{W},1
Hamato Guardian Stance,{W},1
Healer's Hawk,{W},1
Helicarrier Strike,{W},1
Helping Hand,{W},1
Hinterland Sanctifier,{W},1
"Leonardo, Leader in Blue",{W},1
Magitek Infantry,{W},1
Mardu Devotee,{W},1
Miner's Guidewing,{W},1
"Momo, Friendly Flier",{W},1
"Momo, Playful Pet",{W},1
"Nick Fury, Agent of S.H.I.E.L.D.",{W},1
Panther Pounce,{W},1
Political Triumph,{W},1
Quintessential Katana,{W},1
Requisition Raid,{W},1
Ruin-Lurker Bat,{W},1
Rustler Rampage,{W},1
S.H.I.E.L.D. Spy Kit,{W},1
Starport Security,{W},1
Voyager Glidecar,{W},1
Wanderbrine Trapper,{W},1
Wrench,{W},1
Yip Yip!,{W},1
You're Not Alone,{W},1
Action News Crew,{1}{W},2
Agent of Atlas,{1}{W},2
Agent Phil Coulson,{1}{W},2
Airbender Ascension,{1}{W},2
Airbender's Reversal,{1}{W},2
Ajani's Pridemate,{1}{W},2
"April O'Neil, Kunoichi Trainee",{1}{W},2
Auspicious Arrival,{1}{W},2
Battle Menu,{1}{W},2
Brave Brawler,{1}{W},2
Bulwark Ox,{1}{W},2
"Cloud, Midgar Mercenary",{W}{W},2
Coeurl,{1}{W},2
"Colleen Wing, Street Samurai",{1}{W},2
Compassionate Healer,{1}{W},2
Crystal Barricade,{1}{W},2
Dawnwing Marshal,{1}{W},2
Dwarven Castle Guard,{1}{W},2
Encumbered Reejerey,{1}{W},2
Fortress Kin-Guard,{1}{W},2
"Giada, Font of Hope",{1}{W},2
Harsh Annotation,{1}{W},2
Invasion Reinforcements,{1}{W},2
Ironpaw Aspirant,{1}{W},2
Jennifer Walters,{1}{W},2
Jeong Jeong's Deserters,{1}{W},2
Leader's Talent,{1}{W},2
"Leonardo, Cutting Edge",{1}{W},2
"Lita, Little Orphan Amphibian",{1}{W},2
Murdock's Crusade,{1}{W},2
"Night Nurse, Healer of Heroes",{1}{W},2
Omenport Vigilante,{1}{W},2
Origin of the Avengers,{1}{W},2
Pacifism,{1}{W},2
Path to Redemption,{1}{W},2
Raft Security Officer,{1}{W},2
Razor Rings,{1}{W},2
Resolute Reinforcements,{1}{W},2
Return Triumphant,{1}{W},2
Riverguard's Reflexes,{1}{W},2
Sonar Strike,{1}{W},2
South Pole Voyager,{1}{W},2
Spectacular Tactics,{1}{W},2
Spiral into Solitude,{1}{W},2
Stone Docent,{1}{W},2
Super-Soldier Serum,{1}{W},2
Super Villain Lockup,{1}{W},2
Take Up the Shield,{1}{W},2
Timid Shieldbearer,{1}{W},2
Uneasy Alliance,{1}{W},2
Valorous Stance,{1}{W},2
Wanderbrine Preacher,{1}{W},2
Water Tribe Rallier,{1}{W},2
Web-Shooters,{1}{W},2
White Mage's Staff,{1}{W},2
Youthful Valkyrie,{1}{W},2
Aang's Iceberg,{2}{W},3
Agents of S.H.I.E.L.D.,{2}{W},3
Airbending Lesson,{2}{W},3
"Ajani, Outland Chaperone",{1}{W}{W},3
"Anafenza, Unyielding Lineage",{2}{W},3
Angel of Vitality,{2}{W},3
Antiquities on the Loose,{1}{W}{W},3
Auron's Inspiration,{2}{W},3
Avatar Enthusiasts,{2}{W},3
Banishing Light,{2}{W},3
Brightspear Zealot,{2}{W},3
"Captain America, Super-Soldier",{1}{W}{W},3
"Captain America, Wings of Freedom",{2}{W},3
Case File Auditor,{2}{W},3
Celestial Armor,{2}{W},3
Clachan Festival,{2}{W},3
Cosmogrand Zenith,{2}{W},3
Crib Swap,{2}{W},3
Crusader of Odric,{2}{W},3
Cursed Courtier,{2}{W},3
Daring Mechanic,{2}{W},3
Dauntless Veteran,{1}{W}{W},3
Dazzling Angel,{2}{W},3
Dual-Sun Adepts,{2}{W},3
Earth Kingdom Jailer,{2}{W},3
Fancy Footwork,{2}{W},3
Gaelicat,{2}{W},3
Glider Kids,{2}{W},3
Glider Staff,{2}{W},3
Hero in Training,{2}{W},3
High-Flying Ace,{2}{W},3
Hop to It,{2}{W},3
Inside Source,{2}{W},3
Inspiring Overseer,{2}{W},3
Jackdaw Savior,{2}{W},3
Kree Commandos,{2}{W},3
"Leonardo, Big Brother",{2}{W},3
Living Phone,{2}{W},3
Mischievous Pup,{2}{W},3
Monica Rambeau,{2}{W},3
Moonlit Lamenter,{2}{W},3
Owlin Historian,{2}{W},3
Paladin's Arms,{2}{W},3
Prideful Parent,{2}{W},3
Pyrrhic Strike,{2}{W},3
"Quake, Agent of S.H.I.E.L.D.",{2}{W},3
"Red Guardian, Super-Soldier",{2}{W},3
Reluctant Dounguard,{2}{W},3
Sage of the Skies,{2}{W},3
Savior of the Sleeping,{2}{W},3
Sheriff of Safe Passage,{2}{W},3
Sidequest: Catch a Fish,{2}{W},3
Soaring Stoneglider,{2}{W},3
Solitary Sanctuary,{2}{W},3
Spiritcall Enthusiast,{2}{W} // {1}{W},3
Stand Up for Yourself,{2}{W},3
Stasis Snare,{1}{W}{W},3
Stormplain Detainment,{2}{W},3
Stroke of Midnight,{2}{W},3
"Suki, Courageous Rescuer",{1}{W}{W},3
Summon: Choco/Mog,{2}{W},3
Team Avatar,{2}{W},3
Thousand Moons Infantry,{2}{W},3
Water Tribe Captain,{2}{W},3
Zealous Display,{2}{W},3
"Aang, the Last Airbender",{3}{W},4
Aerith Rescue Mission,{3}{W},4
"Appa, Steadfast Guardian",{2}{W}{W},4
Avatar's Wrath,{2}{W}{W},4
Destined Confrontation,{2}{W}{W},4
"Dion, Bahamut's Dominant",{3}{W},4
Dragonback Lancer,{3}{W},4
East Wind Avatar,{3}{W},4
Friendly Neighborhood,{3}{W},4
"Hakoda, Selfless Commander",{3}{W},4
Inkshape Demonstrator,{3}{W},4
Kyoshi Warriors,{3}{W},4
"Leonardo, Sewer Samurai",{3}{W},4
Liminal Hold,{3}{W},4
"Luke Cage, Power Man",{3}{W},4
Luxknight Breacher,{3}{W},4
Mighty Mutanimals,{2}{W}{W},4
"Mockingbird, Ace Agent",{3}{W},4
Morningtide's Light,{3}{W},4
"Okoye, Dora Milaje Leader",{3}{W},4
Radiant Strike,{3}{W},4
Release the Dogs,{3}{W},4
Sandbenders' Storm,{3}{W},4
Shore Lurker,{3}{W},4
Southern Air Temple,{3}{W},4
Summoned Dromedary,{3}{W},4
The Last Ronin's Technique,{3}{W},4
"The Sentry, Golden Guardian",{3}{W},4
Unsettling Twins,{3}{W},4
Vanguard Seraph,{3}{W},4
Vengeful Villagers,{3}{W},4
Wakandan Drone Flock,{3}{W},4
Wax-Wane Witness,{3}{W},4
Wedgelight Rammer,{3}{W},4
White Auracite,{2}{W}{W},4
"White Widow, Free Agent",{3}{W},4
Avengers Assemble!,{4}{W},5
Borough Backup,{4}{W},5
"Captain Marvel, Earth's Protector",{3}{W}{W},5
"Captain Mar-Vell, Space-Born",{4}{W},5
Cloudbound Moogle,{3}{W}{W},5
Fate of the Sun-Cryst,{4}{W},5
Gather the White Lotus,{4}{W},5
G'raha Tia,{4}{W},5
"Invisible Woman, Sue Storm",{4}{W},5
"Jennika, Bad Apple Big Sister",{4}{W},5
Luminous Rebuke,{4}{W},5
Lyra Dawnbringer,{3}{W}{W},5
Primary Research,{4}{W},5
Riling Dawnbreaker,{4}{W} // {1}{W},5
Rabaroo Troop,{3}{W}{W},5
Season of the Burrow,{3}{W}{W},5
Serra Angel,{3}{W}{W},5
Serra Redeemer,{3}{W}{W},5
Spectacular Pileup,{3}{W}{W},5
Stagecoach Security,{4}{W},5
Starfall Invocation,{3}{W}{W},5
Starfield Shepherd,{3}{W}{W},5
The Legend of Yangchen,{3}{W}{W},5
Ultima,{3}{W}{W},5
Unswerving Sloth,{3}{W}{W},5
Ancestor Dragon,{4}{W}{W},6
"Appa, Loyal Sky Bison",{4}{W}{W},6
Defenestrated Phantom,{4}{W}{W},6
Sun-Dappled Celebrant,{4}{W}{W},6
Weftblade Enhancer,{5}{W},6
Restoration Seminar,{5}{W}{W},7
Valor's Flagship,{4}{W}{W}{W},7
Moonshaker Cavalry,{5}{W}{W}{W},8
Summon: Knights of Round,{6}{W}{W},8
United Front,{X}{W}{W},2
Another Round,{X}{X}{2}{W},3
Abandoned Air Temple,,0
Honest Work,{U},1
"Uthros, Titanic Godcore",,0
Agna Qel'a,,0
Syncopate,{X}{U},1
Procrastinate,{X}{U},1
Portent of Calamity,{X}{U},1
Wanderwine Farewell,{5}{U}{U},7
Turtles in Time,{5}{U}{U},7
Tolarian Terror,{6}{U},7
Serpent of the Pass,{5}{U}{U},7
Multiversal Incursion,{5}{U}{U},7
Atlantis Attacks,{5}{U}{U},7
Y'shtola Rhul,{4}{U}{U},6
Weftwalking,{4}{U}{U},6
Time Stop,{4}{U}{U},6
Summon: Leviathan,{4}{U}{U},6
Mirrorform,{4}{U}{U},6
Mechanozoa,{4}{U}{U},6
Marang River Regent,{4}{U}{U} // {3}{U},6
"Madame Web, Clairvoyant",{4}{U}{U},6
"Kitsune, Dragon's Daughter",{4}{U}{U},6
Kitsune's Technique,{4}{U}{U},6
Ice Flan,{4}{U}{U},6
Homesickness,{4}{U}{U},6
Echocasting Symposium,{4}{U}{U},6
Giant Koi,{4}{U}{U},6
Dirgur Island Dragon,{5}{U} // {1}{U},6
Daring Waverider,{4}{U}{U},6
Bottomless Pool // Locker Room,,
Curator of Destinies,{4}{U}{U},6
"Wiccan, Rising Magician",{4}{U},5
Unexpected Assistance,{3}{U}{U},5
This Town Ain't Big Enough,{4}{U},5
Underwater Tunnel // Slimy Aquarium,,
Stratosoarer,{4}{U},5
"Stockman, Mad Fly-entist",{4}{U},5
Sokka's Haiku,{3}{U}{U},5
Starbreach Whale,{4}{U},5
Skyskipper Duo,{4}{U},5
Robotics Mastery,{4}{U},5
Quantum Riddler,{3}{U}{U},5
"Renet, Temporal Apprentice",{3}{U}{U},5
Muse's Encouragement,{4}{U},5
Lost Days,{4}{U},5
"Ironheart, Clever Champion",{4}{U},5
Living Conundrum,{4}{U},5
Illusion Spinners,{4}{U},5
"Falcon, Winged Wonder",{4}{U},5
Ember Island Production,{3}{U}{U},5
Emeritus of Ideation,{3}{U}{U} // {U},5
"Doc Ock, Sinister Scientist",{4}{U},5
Benthic Criminologists,{4}{U},5
"Yue, the Moon Spirit",{3}{U},4
Archmage of Runes,{3}{U}{U},5
Waterbending Lesson,{3}{U},4
Uncharted Voyage,{3}{U},4
Trickster's Stratagem,{3}{U},4
Trip Up,{3}{U},4
Tractor Beam,{2}{U}{U},4
The Legend of Kuruk,{2}{U}{U},4
Temporal Cleansing,{3}{U},4
"Teo, Spirited Glider",{3}{U},4
Spellbook Seeker,{3}{U} // {U},4
Secret of Bloodbending,{U}{U}{U}{U},4
Rook Turret,{3}{U},4
Run Behind,{3}{U},4
Retrieve the Esper,{3}{U},4
Relm's Sketching,{2}{U}{U},4
"Mister Fantastic, Reed Richards",{3}{U},4
"Ray Fillet, Man Ray",{3}{U},4
Lost in Space,{3}{U},4
"Leader, Super-Genius",{2}{U}{U},4
Giant-Sized Flying Ant,{3}{U},4
High Fae Trickster,{3}{U},4
Flexible Waterbender,{3}{U},4
Enduring Curiosity,{2}{U}{U},4
"Donatello, Turtle Techie",{3}{U},4
Eject,{3}{U},4
"Donatello, Mutant Mechanic",{3}{U},4
"Chameleon, Master of Disguise",{3}{U},4
Ancestral Reminiscence,{3}{U},4
"Attuma, Atlantean Warlord",{2}{U}{U},4
Aetherize,{3}{U},4
A.I.M. Scientists,{3}{U},4
"Ty Lee, Chi Blocker",{2}{U},3
Utrom Scientists,{2}{U},3
Thirst for Knowledge,{2}{U},3
The Spirit Oasis,{2}{U},3
Textbook Tabulator,{2}{U},3
"The Mechanist, Aerial Artisan",{2}{U},3
Stock Up,{2}{U},3
Spirit Water Revival,{1}{U}{U},3
Sinister Cryologist,{2}{U},3
"Spider-Byte, Web Warden",{2}{U},3
Silvergill Peddler,{2}{U},3
Secret Invasion,{1}{U}{U},3
Rowdy Snowballers,{2}{U},3
S.H.I.E.L.D. Deployment Drone,{2}{U},3
Roadside Blowout,{2}{U},3
Rewrite History,{2}{U},3
Quistis Trepe,{2}{U},3
Retro-Mutation,{2}{U},3
Quick Study,{2}{U},3
Pearl of Wisdom,{2}{U},3
North Pole Patrol,{2}{U},3
Ooze Spill,{1}{U}{U},3
Nanoform Sentinel,{2}{U},3
Namor the Sub-Mariner,{1}{U}{U},3
Mondo Gecko,{1}{U}{U},3
"Ms. Marvel, Kamala Khan",{2}{U},3
Mind Transfer Protocol,{2}{U},3
Mana Sculpt,{1}{U}{U},3
"Justice, Vance Astrovik",{2}{U},3
"Katara, Bending Prodigy",{2}{U},3
Imprisoned in the Moon,{2}{U},3
Iguana Parrot,{2}{U},3
"Gogo, Master of Mimicry",{2}{U},3
I Am Iron Man,{2}{U},3
Glitch Ghost Surveyor,{2}{U},3
Glen Elendra Guardian,{2}{U},3
Frozen in Ice,{2}{U},3
Glamermite,{2}{U},3
Faebloom Trick,{2}{U},3
Erudite Wizard,{2}{U},3
Dragoon's Wyvern,{2}{U},3
"Echo, Perceptive Prodigy",{2}{U},3
"Donatello, Way with Machines",{2}{U},3
Doc Ock's Henchmen,{2}{U},3
Deluge Virtuoso,{2}{U},3
Depower,{2}{U},3
Combat Tutorial,{2}{U},3
Braided Net,{2}{U},3
Atlantean Cavalry,{2}{U},3
Bespoke Bō,{2}{U},3
Amazing Acrobatics,{1}{U}{U},3
We Say Thee Nay!,{1}{U},2
Wild Unraveling,{U}{U},2
Waterbending Scroll,{1}{U},2
Waterbender Ascension,{1}{U},2
Unwelcome Sprite,{1}{U},2
"Vnwxt, Verbose Host",{1}{U},2
Unstable Experiment,{1}{U},2
"Ultros, Obnoxious Octopus",{1}{U},2
Think Twice,{1}{U},2
Tony Stark,{1}{U},2
The Wondrous Wasp,{1}{U},2
Tester of the Tangential,{1}{U},2
Steelswarm Operator,{1}{U},2
Super Suit,{1}{U},2
Song of Stupefaction,{1}{U},2
Silent Hallcreeper,{1}{U},2
Scorpion Sentinel,{1}{U},2
"Shuri, Wakandan Inventor",{1}{U},2
Sahagin,{1}{U},2
Reasonable Doubt,{1}{U},2
Rimefire Torque,{1}{U},2
Pirate Hat,{1}{U},2
Otter-Penguin,{1}{U},2
Negate,{1}{U},2
Noggle the Mind,{1}{U},2
Mischievous Mystic,{1}{U},2
Mental Modulation,{1}{U},2
"Loki, God of Mischief",{1}{U},2
Master Pakku,{1}{U},2
Landscape Painter,{1}{U} // {4}{U},2
Knowledge Seeker,{1}{U},2
It'll Quench Ya!,{1}{U},2
Jaded Analyst,{1}{U},2
Illvoi Operative,{1}{U},2
Hydro-Channeler,{1}{U},2
Gravelgill Scoundrel,{1}{U},2
Hydraulic Helper,{1}{U},2
Glamer Gifter,{1}{U},2
Gadwick's First Duel,{1}{U},2
Forecasting Fortune Teller,{1}{U},2
Futurist Forge,{1}{U},2
Fog Bank,{1}{U},2
Flying Octobot,{1}{U},2
Falcon's Wing Harness,{1}{U},2
First-Time Flyer,{1}{U},2
Failed Fording,{1}{U},2
Essence Scatter,{1}{U},2
Dreams of Laguna,{1}{U},2
Elementalist Adept,{1}{U},2
Don't Make a Sound,{1}{U},2
Divert Disaster,{1}{U},2
Deduce,{1}{U},2
Disdainful Stroke,{1}{U},2
Dazzling Denial,{1}{U},2
Cryogen Relic,{1}{U},2
Crashing Wave,{U}{U},2
Crustacean Commando,{1}{U},2
Chart a Course,{1}{U},2
Buzz Bots,{1}{U},2
Blossombind,{1}{U},2
Bold Biochemist,{1}{U},2
Benevolent River Spirit,{U}{U},2
Banishing Betrayal,{1}{U},2
Accumulate Wisdom,{1}{U},2
Aquitect's Defenses,{1}{U},2
Watery Grasp,{U},1
Witness Protection,{U},1
Super Intelligence,{U},1
Unsummon,{U},1
"Stature, Size Shifter",{U},1
Spell Pierce,{U},1
Sewer-veillance Cam,{U},1
Spectral Sailor,{U},1
Ringing Strike Mastery,{U},1
Pym Particles,{U},1
Magic Damper,{U},1
Octopus Form,{U},1
Kid Loki,{U},1
Illvoi Galeblade,{U},1
Humbling Elder,{U},1
Harmonized Trio,{U} // {U},1
Gran-Gran,{U},1
Chase Inspiration,{U},1
Fleeting Distraction,{U},1
Bruce Banner,{U},1
Bounce Off,{U},1
Aerial Doombot,{U},1
Boomerang Basics,{U},1
Aegis Turtle,{U},1
Grounded for Life,{4}{W},5
Bile-Vial Boggart,{B},1
Fight On!,{2}{B},3
Burrog Banemaker,{B},1
Bonecache Overseer,{B},1
Callous Inspector,{B},1
Deadly Precision,{B},1
Dissection Practice,{B},1
Diregraf Ghoul,{B},1
Dream Beavers,{B},1
Eaten Alive,{B},1
Embrace Oblivion,{B},1
Ego Drain,{B},1
Gas Guzzler,{B},1
Infestation Sage,{B},1
Moonshadow,{B},1
Locust Spray,{B},1
Northern Air Temple,{B},1
Project Deathlok Soldier,{B},1
Requiting Hex,{B},1
Rat Out,{B},1
Scarblade's Malice,{B},1
Snarling Gorehound,{B},1
Vampiric Rites,{B},1
Stab,{B},1
"Whiplash, Vengeful Engineer",{B},1
Zuko's Conviction,{B},1
Auntie's Sentence,{1}{B},2
Agents of HYDRA,{1}{B},2
Azula Always Lies,{1}{B},2
Balemurk Leech,{1}{B},2
Beamsaw Prospector,{1}{B},2
Barbed Bloodletter,{1}{B},2
Bitterbloom Bearer,{B}{B},2
Bitter Triumph,{1}{B},2
"Black Widow, Super Spy",{1}{B},2
Black Mage's Rod,{1}{B},2
Boggart Prankster,{1}{B},2
Bogslither's Embrace,{1}{B},2
Corroding Dragonstorm,{1}{B},2
Bonebind Orator,{1}{B},2
Corrupt Court Official,{1}{B},2
Creakwood Safewright,{1}{B},2
Dark Confidant,{1}{B},2
Dark Endurance,{1}{B},2
Dark Deed,{1}{B},2
Deathless Pilot,{1}{B},2
Decoy Ploy,{1}{B},2
Depressurize,{1}{B},2
Demon Wall,{1}{B},2
Doom Reigns Supreme,{1}{B},2
Eerie Gravestone,{2},2
Fatal Fissure,{1}{B},2
Fake Your Own Death,{1}{B},2
Feed the Swarm,{1}{B},2
Heartless Act,{1}{B},2
Hecteyes,{1}{B},2
Hungry Ghoul,{1}{B},2
Last Gasp,{1}{B},2
Lively Dirge,{1}{B},2
Long Goodbye,{1}{B},2
Macabre Waltz,{1}{B},2
"Mai, Scornful Striker",{1}{B},2
Melancholic Poet,{1}{B},2
Merchant of Many Hats,{1}{B},2
Obsessive Pursuit,{1}{B},2
Pain 101,{1}{B},2
Paramecia Coloniex,{1}{B},2
Pilfer,{1}{B},2
Presumed Dead,{1}{B},2
Rabid Attack,{1}{B},2
Quag Feast,{1}{B},2
Red Room Recruit,{1}{B},2
Resentful Revelation,{1}{B},2
"Sidisi, Regent of the Mire",{1}{B},2
Shredder's Armor,{1}{B},2
"Splinter, Hamato Yoshi",{1}{B},2
Sporogenic Infection,{1}{B},2
Stolen Stark Tech,{1}{B},2
Starscape Cleric,{1}{B},2
Stomped by the Foot,{1}{B},2
Super Shredder,{1}{B},2
Timeline Culler,{B}{B},2
"Swordsman, Sharp Scoundrel",{1}{B},2
Tunnel Rats,{1}{B},2
Umbral Collar Zealot,{1}{B},2
Vampire Gourmand,{1}{B},2
Undercity Dire Rat,{1}{B},2
Vayne's Treachery,{1}{B},2
Vincent's Limit Break,{1}{B},2
Widow's Bite,{1}{B},2
Virus Beetle,{1}{B},2
"Yellowjacket, Heartless Marauder",{1}{B},2
Adventurous Eater,{2}{B} // {B},3
Ahriman,{2}{B},3
Aggressive Negotiations,{2}{B},3
Alley Assailant,{2}{B},3
"Arnim Zola, Bio-Fanatic",{2}{B},3
"Baron Strucker, HYDRA Overlord",{2}{B},3
Baron Helmut Zemo,{B}{B}{B},3
Blight Rot,{2}{B},3
Construct a Cosmic Cube,{2}{B},3
Cost of Brilliance,{2}{B},3
Cornered by Black Mages,{1}{B}{B},3
Cruel Alliance,{2}{B},3
Darkstar Augur,{2}{B},3
Feed the Cauldron,{2}{B},3
Decode Transmissions,{2}{B},3
Fire Navy Trebuchet,{2}{B},3
Grave Researcher,{2}{B} // {B},3
Foggy Swamp Visions,{1}{B}{B},3
Gravpack Monoist,{2}{B},3
"Grub, Storied Matriarch",{2}{B},3
Hero's Downfall,{1}{B}{B},3
Gutless Plunderer,{2}{B},3
Hog-Monkey,{2}{B},3
HYDRA Troopers,{2}{B},3
Insectoid Exterminator,{2}{B},3
Insatiable Skittermaw,{2}{B},3
Kingpin's Enforcers,{2}{B},3
"Klaw, Sonic Subjugator",{2}{B},3
Ninja of the Hand,{2}{B},3
Murder,{1}{B}{B},3
"Oroku Saki, Shredder Rising",{2}{B},3
Overkill,{2}{B},3
Psychic Whorl,{2}{B},3
Pirate Peddlers,{2}{B},3
Pull from the Grave,{2}{B},3
Qutrub Forayer,{2}{B},3
Raven Eagle,{2}{B},3
"Ral Zarek, Guest Lecturer",{1}{B}{B},3
Risky Shortcut,{2}{B},3
"Ronin, Shadow Stalker",{2}{B},3
Sandman's Quicksand,{1}{B}{B},3
Ruinous Waterbending,{1}{B}{B},3
Scrounge for Eternity,{2}{B},3
"Sephiroth, Fabled SOLDIER",{2}{B},3
Shambling Cie'th,{2}{B},3
Shinra Reinforcements,{2}{B},3
Shredder's Technique,{2}{B},3
Shredder's Revenge,{2}{B},3
Stromkirk Bloodthief,{2}{B},3
Swampsnare Trap,{2}{B},3
Temporal Intervention,{2}{B},3
"Tombstone, Career Criminal",{2}{B},3
Tundra Tank,{2}{B},3
Too Evil to Stay Dead,{2}{B},3
Ulna Alley Shopkeep,{2}{B},3
Venomized Cat,{2}{B},3
Withering Curse,{1}{B}{B},3
Visions of Villainy,{2}{B},3
Anchovy & Banana Pizza,{2}{B}{B},4
Blade of the Swarm,{3}{B},4
Cheerful Osteomancer,{3}{B} // {B},4
Buzzard-Wasp Colony,{3}{B},4
Consuming Ashes,{2}{B}{B},4
"Crossbones, Malicious Mercenary",{3}{B},4
Crypt Feaster,{3}{B},4
Cruel Truths,{3}{B},4
Darkness Descends,{2}{B}{B},4
Dawnhand Eulogist,{3}{B},4
"Elektra, Daughter of the Hand",{2}{B}{B},4
Dream Seizer,{3}{B},4
Eternal Student,{3}{B},4
Fell Horseman,{3}{B} // {1}{B},4
Gaius van Baelsar,{2}{B}{B},4
Foggy Swamp Hunters,{3}{B},4
Graveshifter,{3}{B},4
Gravkill,{3}{B},4
"Grim Reaper, Lethal Legionnaire",{3}{B},4
Hour of Defeat,{3}{B},4
Inner Demons Gangsters,{3}{B},4
HYDRA Infiltration,{3}{B},4
"Jecht, Reluctant Guardian",{3}{B},4
"Moonstone, Harsh Mistress",{3}{B},4
Robot Domination,{3}{B},4
Namazu Trader,{3}{B},4
Rot Farm Mortipede,{3}{B},4
Sephiroth's Intervention,{3}{B},4
Sold Out,{3}{B},4
Skeleton Archer,{3}{B},4
Super-Skrull,{1}{B}{B}{B},4
Swarm Culler,{3}{B},4
Thunderbolts Conspiracy,{3}{B},4
The End,{2}{B}{B},4
Tragedy Feaster,{2}{B}{B},4
Unliving Legionnaire,{3}{B},4
Vote Out,{3}{B},4
Vito's Inquisitor,{3}{B},4
Wander Off,{3}{B},4
Zombify,{3}{B},4
Beetle-Headed Merchants,{4}{B},5
"Bebop, Warthog Warrior",{4}{B},5
Blasphemous Edict,{3}{B}{B},5
Blighted Blackthorn,{4}{B},5
Coiling Rebirth,{3}{B}{B},5
Bloodthirsty Conqueror,{3}{B}{B},5
Gloom Ripper,{3}{B}{B},5
High-Society Hunter,{3}{B}{B},5
Madame Masque,{4}{B},5
M.O.D.O.K.,{3}{B}{B},5
Painful Quandary,{3}{B}{B},5
Prison Break,{4}{B},5
Roxxon Brutes,{4}{B},5
Risen Necroregent,{4}{B},5
Shimmercreep,{4}{B},5
"Shredder, Unrelenting",{4}{B},5
Spider-Man Noir,{4}{B},5
Sidequest: Hunt the Mark,{3}{B}{B},5
"Venom, Evil Unleashed",{4}{B},5
Venom's Hunger,{4}{B},5
Forum Necroscribe,{5}{B},6
Canyon Crawler,{4}{B}{B},6
"Koh, the Face Stealer",{4}{B}{B},6
Massacre Wurm,{3}{B}{B}{B},6
The Cloning of Shredder,{4}{B}{B},6
The Masters of Evil,{5}{B},6
Wick's Patrol,{4}{B}{B},6
Cat-Gator,{6}{B},7
Funeral Room // Awakening Hall,,
Derelict Attic // Widow's Walk,,
Faerie Fencing,{X}{B},1
Day of Black Sun,{X}{B}{B},2
"Morlun, Devourer of Spiders",{X}{B}{B},2
Stargaze,{X}{B}{B},2
Realm of Koh,,0
Ancestral Anger,{R},1
Summit Intimidator,{3}{R},4
Cinder Strike,{R},1
Burst Lightning,{R},1
Clockwork Percussionist,{R},1
Coral Sword,{R},1
Fanatical Firebrand,{R},1
Diamond Pick-Axe,{R},1
Firebending Lesson,{R},1
Fire Magic,{R},1
Fire Nation Cadets,{R},1
Frenzied Goblin,{R},1
Hawkeye's Bow,{R},1
Heartfire Hero,{R},1
"Kellan, Planar Trailblazer",{R},1
Jet's Brainwashing,{R},1
Masked Meower,{R},1
Monstrous Rage,{R},1
Redirect Lightning,{R},1
Plasma Bolt,{R},1
Shock,{R},1
Stark Industries Executive,{R},1
Sunfire Torch,{R},1
Super Speed,{R},1
"Ashling, Rekindled",{1}{R},2
Abrade,{1}{R},2
Axgard Cavalry,{1}{R},2
Blazing Crescendo,{1}{R},2
Bulk Up,{1}{R},2
"Casey Jones, Jury-Rig Justiciar",{1}{R},2
Combustion Technique,{1}{R},2
Cunning Maneuver,{1}{R},2
Deserter's Disciple,{1}{R},2
Discerning Peddler,{1}{R},2
Draconautics Engineer,{1}{R},2
Dragon Fodder,{1}{R},2
Emeritus of Conflict,{1}{R} // {R},2
Explosive Prodigy,{1}{R},2
Expressive Firedancer,{1}{R},2
Firebender Ascension,{1}{R},2
Firebending Student,{1}{R},2
Firebrand Archer,{1}{R},2
Fire Sages,{1}{R},2
Flame-Chain Mauler,{1}{R},2
Food Fight,{1}{R},2
Galvanize,{1}{R},2
Giantfall,{1}{R},2
Gilded Ghoda,{1}{R},2
Goblin Glasswright,{1}{R} // {R},2
Gristle Glutton,{1}{R},2
Hard-Won Jitte,{1}{R},2
Haste Magic,{1}{R},2
"Hawkeye, Master Marksman",{1}{R},2
"Hazoret, Godseeker",{1}{R},2
HULK SMASH!,{1}{R},2
"Hobgoblin, Mantled Marauder",{1}{R},2
HYDRA Assault Robot,{1}{R},2
Invasive Maneuvers,{1}{R},2
Iroh's Demonstration,{1}{R},2
Jeskai Devotee,{1}{R},2
Lightning Strike,{1}{R},2
K'un-Lun Warrior,{1}{R},2
Loki Laufeyson,{1}{R},2
Magebane Lizard,{1}{R},2
Manhole Missile,{1}{R},2
Melded Moxite,{1}{R},2
Price of Freedom,{1}{R},2
Oreplate Pangolin,{1}{R},2
Purple Dragon Punks,{1}{R},2
"Raphael, Tough Turtle",{1}{R},2
Ratcatcher Trainee,{1}{R} // {2}{R},2
Reckless Ransacking,{1}{R},2
Return the Favor,{R}{R},2
Rig for War,{1}{R},2
Sabotender,{1}{R},2
Romantic Rendezvous,{1}{R},2
"Sarkhan, Dragon Ascendant",{1}{R},2
Searslicer Goblin,{1}{R},2
Slumbering Cerberus,{1}{R},2
"Speed, Young Avenger",{1}{R},2
Team Tactics,{1}{R},2
Sure Strike,{1}{R},2
The Last Agni Kai,{1}{R},2
Tome Blast,{1}{R},2
Untimely Malfunction,{1}{R},2
Vision of Love,{1}{R},2
Avengers Disassembled,{1}{R}{R},3
Yuyan Archers,{1}{R},2
Blazing Firesinger,{2}{R} // {2}{R},3
Boar-q-pine,{2}{R},3
Bombard,{2}{R},3
Brazen Scourge,{1}{R}{R},3
Burning Curiosity,{2}{R},3
Charging Strifeknight,{2}{R},3
Count on Luck,{R}{R}{R},3
Crackling Cyclops,{2}{R},3
Cut Propulsion,{2}{R},3
"Electro, Assaulting Battery",{1}{R}{R},3
Electro's Bolt,{2}{R},3
Evil's Thrall,{2}{R},3
Fiery Annihilation,{2}{R},3
Frontline War-Rager,{2}{R},3
Goblin Boarders,{2}{R},3
Goblin Surprise,{2}{R},3
Hex Magic,{2}{R},3
Hire a Crew,{2}{R},3
Hotfoot Gnome,{2}{R},3
How to Start a Riot,{2}{R},3
"Human Torch, Johnny Storm",{2}{R},3
"Iron Fist, Living Weapon",{2}{R},3
J. Jonah Jameson,{2}{R},3
Jennika's Technique,{2}{R},3
"Jeong Jeong, the Deserter",{2}{R},3
"Jessica Jones, Private Eye",{2}{R},3
Machinesmith Automaton,{2}{R},3
Kavaron Turbodrone,{2}{R},3
Minecart Daredevil,{2}{R} // {1}{R},3
Molecular Modifier,{2}{R},3
Mutant Town Musicians,{2}{R},3
"Molten Man, Inferno Incarnate",{2}{R},3
Mysidian Elder,{2}{R},3
Null Group Biological Assets,{2}{R},3
Outpace Oblivion,{2}{R},3
Outlaws' Fury,{2}{R},3
Pain for All,{2}{R},3
Prickly Pair,{2}{R},3
Rubble Rouser,{2}{R},3
Seismic Rupture,{2}{R},3
Seize the Spoils,{2}{R},3
Sidequest: Play Blitzball,{2}{R},3
Solstice Revelations,{2}{R},3
Spicy Oatmeal Pizza,{2}{R},3
"Spider-Gwen, Free Spirit",{2}{R},3
Sting-Slinger,{2}{R},3
Strife Scholar,{2}{R} // {5}{R},3
Treetop Freedom Fighters,{2}{R},3
Tweeze,{2}{R},3
"Ty Lee, Artful Acrobat",{2}{R},3
Unsubtle Mockery,{2}{R},3
Volcanic Villain,{2}{R},3
War Balloon,{2}{R},3
Weftstalker Ardent,{2}{R},3
Wisecrack,{2}{R},3
Battlesong Berserker,{3}{R},4
Bot Bashing Time,{3}{R},4
Bumi Bash,{3}{R},4
Child of the Volcano,{3}{R},4
Crescent Island Temple,{3}{R},4
Crimson Operative,{3}{R},4
Enduring Courage,{2}{R}{R},4
Fin Fang Foom,{2}{R}{R},4
Fire Nation Raider,{3}{R},4
Flamekin Gildweaver,{3}{R},4
Garrison Excavator,{3}{R},4
"Hawkeye, Young Avenger",{3}{R},4
Hidetsugu's Second Rite,{3}{R},4
Kav Landseeker,{3}{R},4
Kindle the Inner Flame,{3}{R},4
"Krenko, Mob Boss",{2}{R}{R},4
"Mjölnir, Hammer of Thor",{3}{R},4
Nibelheim Aflame,{2}{R}{R},4
Orbital Plunge,{3}{R},4
"Raphael, Ninja Destroyer",{2}{R}{R},4
Repulsor Blast,{3}{R},4
Rock Soldiers,{3}{R},4
Seifer Almasy,{3}{R},4
Spider-Islanders,{3}{R},4
Strongbox Raider,{2}{R}{R},4
Summon: Esper Ramuh,{2}{R}{R},4
The Cave of Two Lovers,{3}{R},4
The Legend of Roku,{2}{R}{R},4
Truck Toss,{2}{R}{R},4
Warrior's Sword,{3}{R},4
Wartime Protestors,{3}{R},4
Bellowing Bruiser,{4}{R} // {2}{R},5
Boldwyr Aggressor,{3}{R}{R},5
Broadcast Takeover,{2}{R}{R}{R},5
Combustion Man,{3}{R}{R},5
Goldfury Strider,{4}{R},5
Gorehorn Raider,{4}{R},5
Heated Argument,{4}{R},5
Kree Sentinel,{4}{R},5
Kavaron Skywarden,{4}{R},5
Nova Hellkite,{3}{R}{R},5
Raging Goblinoids,{4}{R},5
Ran and Shaw,{3}{R}{R},5
Rearing Embermare,{4}{R},5
Spinerock Tyrant,{3}{R}{R},5
Rough Rhino Cavalry,{4}{R},5
Steel Wrecking Ball,{5},5
Stegron the Dinosaur Man,{4}{R},5
Stormshriek Feral,{4}{R} // {1}{R},5
"Thor, God of Thunder",{3}{R}{R},5
"Zog, Triceraton Castaway",{4}{R},5
"Wonder Man, Hollywood Hero",{3}{R}{R},5
"Clive, Ifrit's Dominant",{4}{R}{R},6
"Etali, Primal Storm",{4}{R}{R},6
Hill Gigas,{4}{R}{R},6
Kulrath Zealot,{5}{R},6
Random Encounter,{4}{R}{R},6
Mongoose Lizard,{4}{R}{R},6
Red Hulk,{4}{R}{R},6
Territorial Bruntar,{4}{R}{R},6
Zealous Lorecaster,{5}{R},6
Nebula Dragon,{6}{R},7
Glassworks // Shattered Yard,,
Devastating Onslaught,{X}{X}{R},1
Hell to Pay,{X}{R},1
Photon Blast Barrage,{X}{R}{R},2
Fire Nation Palace,,0
"Kavaron, Memorial World",,0
Ambitious Augmenter,{G},1
Run Over,{1}{G},2
Analyze the Pollen,{G},1
Bushwhack,{G},1
Ankle Biter,{G},1
Clash of the Eikons,{G},1
Commune with Beavers,{G},1
Earthen Ally,{G},1
Cowabunga!,{G},1
Giant Growth,{G},1
Go Nuts!,{G},1
Guac & Marshmallow Pizza,{G},1
Gran Pulse Ochu,{G},1
Llanowar Elves,{G},1
Longstalk Brawl,{G},1
Party Dude,{G},1
Meltstrider's Gear,{G},1
Pick Your Poison,{G},1
Pillar Launch,{G},1
"Reptil, Dinomorpher",{G},1
Rapid Rescue,{G},1
"Rick Jones, Destined Sidekick",{G},1
Seismic Sense,{G},1
Studious First-Year,{G} // {1}{G},1
Serpent Specialist,{G},1
Bakersbane Duo,{1}{G},2
Biosynthic Burst,{1}{G},2
Blitzball Shot,{1}{G},2
Bite Down,{1}{G},2
Blooming Stinger,{1}{G},2
Bloom Tender,{1}{G},2
Chocobo Kick,{1}{G},2
Call Damage Control,{1}{G},2
Claim the Kingdom,{1}{G},2
Druid of the Cowl,{1}{G},2
Flesh Burrower,{1}{G},2
Dwynen's Elite,{1}{G},2
Frog Butler,{1}{G},2
"Fynn, the Fangbearer",{1}{G},2
Goobbue Gardener,{1}{G},2
Glorious Decay,{1}{G},2
Great Divide Guide,{1}{G},2
Great Forest Druid,{1}{G},2
Gysahl Greens,{1}{G},2
Guerrilla Gorilla,{1}{G},2
"Haru, Hidden Talent",{1}{G},2
"Hellcat, Undying Vigilante",{G}{G},2
Intrepid Tenderfoot,{1}{G},2
Heritage Reclamation,{1}{G},2
Jibbirik Omnivore,{1}{G},2
Knight of Wundagore,{1}{G},2
Lys Alana Informant,{1}{G},2
Leaves from the Vine,{1}{G},2
"Michelangelo, Weirdness to 11",{1}{G},2
Midnight Tilling,{1}{G},2
Noxious Newt,{1}{G},2
Mindful Biomancer,{1}{G},2
Rabid Bite,{1}{G},2
Origin of Metalbending,{1}{G},2
Raucous Audience,{1}{G},2
Rebellious Captives,{1}{G},2
Ride the Shoopuf,{1}{G},2
Scout the City,{1}{G},2
"Shang-Chi, Master of Kung Fu",{1}{G},2
Surly Farrier,{1}{G},2
Sparring Dummy,{1}{G},2
Synchronized Charge,{1}{G},2
Tenderize,{1}{G},2
Town Greeter,{1}{G},2
"Tigra, Feline Fury",{1}{G},2
True Ancestry,{1}{G},2
Undercover Skrull,{1}{G},2
Wary Watchdog,{1}{G},2
Venomsac Lagac,{1}{G},2
"White Tiger, Ava Ayala",{1}{G},2
Zoo Escapees,{1}{G},2
Allies at Last,{2}{G},3
Airtight Alibi,{2}{G},3
Ambush Wolf,{2}{G},3
Ant-Man's Army,{2}{G},3
Beast-Kin Ranger,{2}{G},3
Bard's Bow,{2}{G},3
Broken Wings,{2}{G},3
Chomping Changeling,{2}{G},3
Dawn's Light Archer,{2}{G},3
Cycle of Renewal,{2}{G},3
Defiant Survivor,{2}{G},3
Earthbender Ascension,{2}{G},3
Emeritus of Abundance,{2}{G} // {1}{G},3
Efflorescence,{2}{G},3
Epic Fight,{2}{G},3
Felling Blow,{2}{G},3
Galactic Wayfarer,{2}{G},3
Frantic Strength,{2}{G},3
Garruk's Uprising,{2}{G},3
"Hercules, Prince of Power",{2}{G},3
"Hulkling, Burgeoning Bruiser",{2}{G},3
Heroic Feast,{2}{G},3
Kapow!,{2}{G},3
Kaslem's Stonetree,{2}{G},3
"Loot, Exuberant Explorer",{2}{G},3
Knockout Maneuver,{2}{G},3
"Michelangelo, Game Master",{2}{G},3
"Mole Man, Moloid Master",{2}{G},3
Mutable Explorer,{2}{G},3
"Mona Lisa, Science Geek",{2}{G},3
Mutant Chain Reaction,{2}{G},3
Novel Nunchaku,{2}{G},3
Pompous Gadabout,{2}{G},3
Ostrich-Horse,{2}{G},3
Powerful Broker,{2}{G},3
Punishing Punch,{2}{G},3
Rockalanche,{2}{G},3
Restorative Technique,{2}{G},3
"Sandman, Shifting Scoundrel",{1}{G}{G},3
Shattered Wings,{2}{G},3
Skystinger,{2}{G},3
Shopkeeper's Bane,{2}{G},3
"Surrak, Elusive Hunter",{2}{G},3
Sylvan Scavenging,{1}{G}{G},3
"Toph, the Blind Bandit",{2}{G},3
Thawbringer,{2}{G},3
Traveling Chocobo,{2}{G},3
Unforgiving Aim,{2}{G},3
Walltop Sentries,{2}{G},3
Vinebred Brawler,{2}{G},3
Avatar Destiny,{2}{G}{G},4
Cackling Prowler,{3}{G},4
Earthbending Lesson,{3}{G},4
Drix Fatemaker,{3}{G},4
Earth Kingdom General,{3}{G},4
Foggy Swamp Vinebender,{3}{G},4
Icecave Crasher,{3}{G},4
Hungry Graffalon,{3}{G},4
Kyoshi Island Plaza,{3}{G},4
Loading Zone,{3}{G},4
"Michelangelo, Mutant BFF",{2}{G}{G},4
"Michelangelo, Improviser",{3}{G},4
New Generation's Technique,{3}{G},4
Pestbrood Sloth,{3}{G},4
Primordial Pachyderm,{3}{G},4
Pet Avengers,{3}{G},4
Prismatic Undercurrents,{3}{G},4
Safewright Cavalry,{3}{G},4
Tapestry Warden,{3}{G},4
"She-Hulk, Jade Defender",{3}{G},4
Terrific Team-Up,{3}{G},4
"The Boulder, Ready to Rumble",{3}{G},4
The Unbeatable Squirrel Girl,{1}{G}{G}{G},4
The Earth King,{3}{G},4
Training Regimen,{3}{G},4
Treetop Snarespinner,{3}{G},4
Wildgrowth Archaic,{2/G}{2/G},4
"Vanille, Cheerful l'Cie",{3}{G},4
Zimone's Experiment,{3}{G},4
Badgermole,{4}{G},5
Elemental Teachings,{4}{G},5
"Doc Samson, Super Psychiatrist",{4}{G},5
Germinating Wurm,{4}{G},5
Germination Practicum,{3}{G}{G},5
Gingerbread Hunter,{4}{G} // {2}{B},5
Gigantosaurus,{G}{G}{G}{G}{G},5
Invasion Tactics,{4}{G},5
Ka-Zar of the Savage Land,{4}{G},5
Ragamuffin Raptor,{4}{G},5
Mistmeadow Council,{4}{G},5
Rydia's Return,{3}{G}{G},5
"Spider-Man, Brooklyn Visionary",{4}{G},5
Super Strength,{4}{G},5
Summon: Fat Chocobo,{4}{G},5
Tenured Concocter,{4}{G},5
"Terrian, World Tyrant",{2}{G}{G}{G},5
Wakandan Royal Guard,{4}{G},5
"Venus, Torn Between Worlds",{4}{G},5
World War Hulk,{3}{G}{G},5
Affectionate Indrik,{5}{G},6
Earthshaker Dreadmaw,{4}{G}{G},6
"Bumi, King of Three Trials",{5}{G},6
Earth's Mightiest Heroes,{4}{G}{G},6
"Flopsie, Bumi's Buddy",{4}{G}{G},6
Saber-Tooth Moose-Lion,{4}{G}{G},6
"Rocksteady, Crash Courser",{4}{G}{G},6
Savage Land Dinosaur,{4}{G}{G},6
Season of Gathering,{4}{G}{G},6
"Spider-Rex, Daring Dino",{4}{G}{G},6
Snarl Song,{5}{G},6
The Legend of Kyoshi,{4}{G}{G},6
"The Thing, Ben Grimm",{5}{G},6
Glacier Godmaw,{5}{G}{G},7
Aurora Awakener,{6}{G},7
Nurturing Bristleback,{5}{G}{G},7
Wildvine Pummeler,{6}{G},7
Diamond Weapon,{7}{G}{G},9
Ancient Adamantoise,{5}{G}{G}{G},8
For the Common Good,{X}{X}{G},1
Jadelight Spelunker,{X}{G},1
Wildwood Scourge,{X}{G},1
Wild Hypothesis,{X}{G},1
Broodguard Elite,{X}{G}{G},2
Ba Sing Se,,0
Deepchannel Duelist,{W}{U},2
Air Nomad Legacy,{W}{U},2
Rakdos Guildgate,,0
Bloodfell Caves,,0
"Aang, Swift Savior",{1}{W}{U},3
Deepway Navigator,{W}{U},2
"Captain America, Living Legend",{1}{W}{U},3
Eclipsed Merrow,{W/U}{W/U}{W/U},3
"Sokka, Lateral Strategist",{1}{W/U}{W/U},3
Empyrean Eagle,{1}{W}{U},3
"The Mighty Thor, Jane Foster",{1}{W}{U},3
Cat-Owl,{3}{W/U},4
Cloudblazer,{3}{W}{U},5
"Spider-Woman, Secret Agent",{3}{W/U},4
"Don & Leo, Problem Solvers",{3}{W/U}{W/U},5
"Katara, Water Tribe's Hope",{2}{W}{U}{U},5
Absolute Virtue,{6}{W}{U},8
Merrow Skyswimmer,{3}{W/U}{W/U},5
Azorius Guildgate,,0
Floodfarm Verge,,0
Hallowed Fountain,,0
Gleaming Bastion,,0
North Pole Gates,,0
Temple of Enlightenment,,0
Dark Leo & Shredder,{W}{B},2
"Baron, Airship Kingdom",,0
Tranquil Cove,,0
Inkling Mascot,{W}{B},2
Killian's Confidence,{W}{B},2
Pretending Poxbearers,{1}{W/B},2
Lunar Convocation,{W}{B},2
Sandbender Scavengers,{W}{B},2
Soul Search,{W}{B},2
"Winter Soldier, Icy Assassin",{W}{B},2
Tolls of War,{W}{B},2
"Cloak and Dagger, Entwined",{1}{W}{B},3
Foot Elite,{2}{W/B},3
Prideful Feastling,{2}{W/B},3
Imperious Inkmage,{1}{W}{B},3
Sanguine Savior,{1}{W}{B},3
Social Snub,{1}{W}{B},3
Fiendish Panda,{2}{W}{B},4
The Kingpin of Crime,{1}{W}{B},3
"Hei Bai, Spirit of Balance",{2}{W/B}{W/B},4
Render Speechless,{2}{W}{B},4
Emptiness,{4}{W/B}{W/B},6
"Syr Vondam, the Lucent",{2}{W}{B}{B},5
Foot Ninjas,{4}{W/B}{W/B},6
"Insomnia, Crown City",,0
Scoured Barrens,,0
Misty Palms Oasis,,0
Mob Lookout,{1}{U/B},2
Mischievous Sneakling,{1}{U/B},2
"Nashi, Searcher in the Dark",{U}{B},2
"Satoru, the Infiltrator",{U}{B},2
"Emet-Selch, Unsundered",{1}{U}{B},3
Scientist Supreme of A.I.M.,{U}{B},2
Messenger Hawk,{2}{U/B},3
Symbiote Spider-Man,{2}{U/B},3
"Kang, Temporal Tyrant",{2}{U}{B},4
Voracious Tome-Skimmer,{U/B}{U/B}{U/B},3
"Taskmaster, Mercenary Mimic",{2}{U}{B},4
"Vren, the Relentless",{2}{U}{B},4
"Hama, the Bloodbender",{2}{U/B}{U/B}{U/B},5
Consuming Aberration,{3}{U}{B},5
"Uchbenbak, the Great Mistake",{3}{U}{B},5
Deceit,{4}{U/B}{U/B},6
Hidden Lair,,0
Dismal Backwater,,0
Serpent's Pass,,0
Soured Springs,,0
Undercity Sewers,,0
"Treno, Dark City",,0
Abandon Attachments,{1}{U/R},2
Mouser Mark III,{1}{U/R},2
"Professor Zei, Anthropologist",{U/R}{U/R},2
Stormcatch Mentor,{U}{R},2
Dark Fortress,,0
Colorstorm Stallion,{1}{U}{R},3
The Emperor of Palamecia,{U}{R},2
Dragonfly Swarm,{1}{U}{R},3
Elemental Mascot,{1}{U}{R},3
Nobody,{1}{U/R}{U/R},3
Flaring Cinder,{1}{U/R}{U/R},3
"Speedball, New Warrior",{2}{U/R},3
Vivi Ornitier,{1}{U}{R},3
"Iron Man, Master of Machines",{2}{U}{R},4
Armor Wars,{2}{U}{R},4
"Sanar, Innovative First-Year",{2}{U/R}{U/R},4
Stadium Tidalmage,{2}{U}{R},4
Metalhead,{4}{U},5
Baxter Stockman,{3}{U}{R},5
North Wind Avatar,{2}{U}{U}{R},5
Stress Dream,{3}{U}{R},5
Roaring Furnace // Steaming Sauna,,
Thousand-Year Storm,{4}{U}{R},6
Visionary's Dance,{5}{U}{R},7
Airship Engine Room,,0
Riverpyre Verge,,0
Stark Industries,,0
Swiftwater Cliffs,,0
Blood Spatter Analysis,{B}{R},2
"Garland, Knight of Cornelia",{B}{R},2
"Zuko, Conflicted",{B}{R},2
"Alesha, Who Laughs at Fate",{1}{B}{R},3
"Ares, God of War",{1}{B}{R},3
"Bullseye, Death Dealer",{2}{B/R},3
Perforating Artist,{1}{B}{R},3
Sawblade Skinripper,{1}{B}{R},3
Ultimate Green Goblin,{1}{B/R}{B/R},3
The Infamous Cruelclaw,{1}{B}{R},3
Vindictive Warden,{2}{B/R},3
Avengers: Under Siege,{2}{B}{R},4
"Zhao, Ruthless Admiral",{2}{B/R}{B/R},4
Madame Hydra,{2}{B}{R},4
Cruel Administrator,{3}{B}{R},5
"Ozai, the Phoenix King",{2}{B}{B}{R}{R},6
Boiling Rock Prison,,0
Temple of Malice,,0
Razortrap Gorge,,0
Ice Cream Kitty,{1}{B/G},2
"Blech, Loafing Pest",{1}{B}{G},3
Earth Village Ruffians,{2}{B/G},3
Cauldron of Essence,{1}{B}{G},3
Essenceknit Scholar,{B}{B/G}{G},3
"Exdeath, Void Warlock",{1}{B}{G},3
"Long Feng, Grand Secretariat",{1}{B/G}{B/G},3
Grapple with Death,{1}{B}{G},3
"Titania, Rugged Rumbler",{2}{B/G},3
Beifong's Bounty Hunters,{2}{B}{G},4
"Killmonger, Scourge of Wakanda",{2}{B}{G},4
Host of the Hereafter,{2}{B}{G},4
Putrid Pals,{2}{B/G}{B/G},4
Cloud of Darkness,{2}{B}{G}{G},5
"Pizza Face, Gastromancer",{3}{B}{G},5
Dai Li Agents,{3}{B}{G},5
Stoic Grove-Guide,{4}{B/G},5
The Coming of Galactus,{2}{B}{B}{G},5
"Witherbloom, the Balancer",{6}{B}{G},8
The Last Ronin,{4}{B}{G},6
Jungle Hollow,,0
Gangly Stompling,{2}{R/G},3
"Terra, Magical Adept",{1}{R}{G},3
Noggle Robber,{1}{R/G}{R/G},3
Uncle Iroh,{1}{R/G}{R/G},3
"Abomination, Terrifying Titan",{3}{R/G},4
Earth Rumble Wrestlers,{3}{R/G},4
Alien Invasion,{1}{R}{R}{G},4
"Halana and Alena, Partners",{2}{R}{G},4
"Wolverine, Fierce Fighter",{2}{R}{G},4
"Hulk, Gamma Goliath",{3}{R}{G},5
"Bumi, Unleashed",{3}{R}{G},5
Vibrance,{3}{R/G}{R/G},5
"Gongaga, Reactor Town",,0
Gruul Guildgate,,0
Omashu City,,0
Rugged Highlands,,0
Restless Ridgeline,,0
Training Compound,,0
Hardened Academic,{R}{W},2
Pursue the Past,{R}{W},2
Mechanized Ninja Cavalry,{1}{R/W},2
"Ragost, Deft Gastronaut",{R}{W},2
Spirit Mascot,{R}{W},2
"Lightning, Army of One",{1}{R}{W},3
EPF Point Squad,{1}{R/W}{R/W},3
Practiced Scrollsmith,{R}{R/W}{W},3
"Raph & Leo, Sibling Rivals",{1}{R/W}{R/W},3
Bre of Clan Stoutarm,{2}{R}{W},4
"War Machine, Legacy of Iron",{2}{R/W},3
"Daredevil, Man Without Fear",{2}{R}{W},4
Heroic Reinforcements,{2}{R}{W},4
Sun Warriors,{2}{R}{W},4
Startled Relic Sloth,{2}{R}{W},4
The Neutrinos,{2}{R}{W},4
Wandering Musicians,{3}{R/W},4
Hovel Hurler,{3}{R/W}{R/W},5
Wilt in the Heat,{2}{R}{W},4
Quintorius Kand,{3}{R}{W},5
Thor Odinson,{3}{R}{W},5
Catharsis,{4}{R/W}{R/W},6
"Aurelia, the Warleader",{2}{R}{R}{W}{W},6
Abraded Bluffs,,0
"Sami, Wildcat Captain",{4}{R}{W},6
Boros Guildgate,,0
Sun-Blessed Peak,,0
Wind-Scarred Crag,,0
Temple of Triumph,,0
"Garnet, Princess of Alexandria",{G}{W},2
"Mikey & Leo, Chaos & Order",{G/W}{G/W},2
White Lotus Reinforcements,{1}{G}{W},3
"Spider-Man, To the Rescue",{2}{G/W},3
"Black Panther, Vanguard",{2}{G}{W},4
Brightglass Gearhulk,{G}{G}{W}{W},4
"Storm, Windrider",{1}{G}{W}{W},4
"Caradora, Heart of Alacria",{2}{G}{W},4
"Suki, Kyoshi Warrior",{2}{G/W}{G/W},4
Earth Kingdom Soldier,{4}{G/W},5
"Yuna, Hope of Spira",{3}{G}{W},5
Rinoa Heartilly,{3}{G}{W},5
Birnin Zana Plaza,,0
Blossoming Sands,,0
Hushwood Verge,,0
Gathering Place,,0
Cuboid Colony,{G}{U},2
Kyoshi Village,,0
Genghis Frog,{G}{U},2
Growth Curve,{G}{U},2
Platypus-Bear,{1}{G/U},2
Hermitic Herbalist,{G}{U},2
Pond Prophet,{G/U}{G/U},2
Quandrix Charm,{G}{U},2
Absorbing Man,{1}{G}{U},3
The Astonishing Ant-Man,{G}{U},2
"Ant-Man, Colony Commander",{1}{G}{U},3
Ignis Scientia,{1}{G}{U},3
Slithering Cryptid,{2}{G/U},3
Moon Girl and Devil Dinosaur,{1}{G}{U},3
"Beast, Erudite Aerialist",{3}{G/U},4
Chitinous Graspling,{3}{G/U},4
Dreamdew Entrancer,{2}{G}{U},4
Guru Pathik,{2}{G/U}{G/U},4
Fractal Tender,{3}{G}{U},5
"Zimone, Paradox Sculptor",{2}{G}{U},4
Punk Frogs,{3}{G/U}{G/U},5
Wistfulness,{3}{G/U}{G/U},5
Undercover Crocodelf,{4}{G}{U},6
Fractal Mascot,{4}{G}{U},6
"Omega, Heartless Evolution",{5}{G}{U},7
Worlds Within Worlds,{5}{G}{U},7
Pterafractyl,{X}{G}{U},2
Mind into Matter,{X}{G}{U},2
Breeding Pool,,0
Dreamroot Cascade,,0
Meditation Pools,,0
"Guadosalam, Farplane Gateway",,0
Mutant Town,,0
Pym Technologies,,0
Fire Lord Azula,{1}{U}{B}{R},4
Thornwood Falls,,0
"Kefka, Court Mage",{2}{U}{B}{R},5
"Winter, Misanthropic Guide",{1}{B}{R}{G},4
"Aang, at the Crossroads",{2}{G}{W}{U},5
"Katara, the Fearless",{G}{W}{U},3
Fire Lord Zuko,{R}{W}{B},3
"Thanos, the Mad Titan",{R}{W}{B},3
"Iroh, Grand Lotus",{3}{G}{U}{R},6
Temur Tawnyback,{2/G}{2/U}{2/R},6
Skirmish Rhino,{W}{B}{G},3
Flamehold Grappler,{U}{R}{W},3
Kyoshi Battle Fan,{2},2
PuPu UFO,{2},2
Solemn Simulacrum,{4},4
Biblioplex Tomekeeper,{4},4
"Viv Vision, Teen Synthezoid",{3},3
Strixhaven Skycoach,{3},3
Ultron Drone,{3},3
"Ultron, Artificial Malevolence",{3},3
Magic Pot,{3},3
Technodrome,{2},2
Iron Man Armor,{3},3
Adventurer's Inn,,0
Summon: Bahamut,{9},9
Heraldic Banner,{3},3
Dependable Quinjet,{3},3
Dragonstorm Globe,{3},3
"Krang, Utrom Warlord",{9},9
Buster Sword,{3},3
Changeling Wayfinder,{3},3
Bender's Waterskin,{3},3
Adventurer's Airship,{3},3
The Dominion Bracelet,{2},2
Wurmwall Sweeper,{2},2
Guidelight Matrix,{2},2
"Dawnsire, Sunstar Dreadnought",{5},5
The Walls of Ba Sing Se,{8},8
Arc Reactor,{5},5
Tomb Trawler,{2},2
Swiftfoot Boots,{2},2
Super-Adaptoid,{2},2
Stalactite Dagger,{2},2
Transcendent Archaic,{7},7
Omni-Cheese Pizza,{2},2
Glimmerlight,{2},2
Goldvein Pick,{2},2
Villainous Hideout,,0
White Lotus Hideout,,0
Turtle Lair,,0
Uncharted Haven,,0
Mirrormind Crown,{4},4
The Ten Rings,{8},8
Gleaming Barrier,{2},2
Terramorphic Expanse,,0
The Gold Saucer,,0
Starting Town,,0
Foraging Wickermaw,{2},2
Chrome Companion,{2},2
Energybending,{2},2
Bumbleflower's Sharepot,{2},2
Captain America's Shield,{2},2
Aang's Journey,{2},2
Surveillance Room,,0
Rumble Arena,,0
Fountainport,,0
Planetarium of Wan Shi Tong,{6},6
Pinnacle Kill-Ship,{7},7
A.I.M. Synthoids,{2},2
Chronicle of Victory,{6},6
Vibranium Energy Daggers,{1},1
Trusty Boomerang,{1},1
Lunatic Pandora,{1},1
Thaumaton Torpedo,{1},1
"Eden, Seat of the Sanctum",,0
Crossroads Village,,0
Evolving Wilds,,0
Gingerbrute,{1},1
Dragonfire Blade,{1},1
Barrels of Blasting Jelly,{1},1
Marina Vendrell,{W}{U}{B}{R}{G},5
Cosmic Spider-Man,{W}{U}{B}{R}{G},5
Castle Doom,,0
Capital City,,0
Captivating Cave,,0
Turtle Blimp,{5},5
Aettir and Priwen,{6},6
Cosmic Cube,{5},5
The Vision,{4},4
H.E.R.B.I.E. Scout Unit,{4},4
S.H.I.E.L.D. Helicarrier,{4},4
Avatar Aang,{R}{G}{W}{U},4
Opulent Palace,,0
"Sokka, Tenacious Tactician",{1}{U}{R}{W},4
Lie in Wait,{B}{G}{U},3
"Narset, Jeskai Waymaster",{U}{R}{W},3
Avengers Tower,,0
Baxter Building,,0
Zuko's Exile,{5},5
Rancorous Archaic,{5},5
Stormclaw Rager,{1}{B}{R},3
"Spider-Man, Hometown Hero",{4}{R},5
Dauthi Voidwalker,{B}{B},2
"She-Hulk, Jennifer Walters",{3}{R},4
Unlikely Aid,{1}{B},2
